,trash
0,Last Man Down
1,Dune
2,The French Dispatch
3,Ron's Gone Wrong
4,Warning
5,Last Night in Soho
6,Antlers
7,My Hero Academia: World Heroes' Mission
8,A Mouthful of Air
9,The Souvenir: Part II
10,13 Minutes
11,The Grand Duke of Corsica
12,Eternals
13,Spencer
14,Ida Red
15,Violet
16,The Beta Test
17,Dangerous
18,Clifford the Big Red Dog
19,Belfast
20,Night Raiders
21,Apex
22,Ghostbusters: Afterlife
23,King Richard
24,C'mon C'mon
25,Bad Luck Banging or Loony Porn
26,Mothering Sunday
27,A House on the Bayou
28,Resident Evil: Welcome to Raccoon City
29,House of Gucci
30,Encanto
31,Drive My Car
32,The Humans
33,Licorice Pizza
34,Wolf
35,Red Rocket
36,West Side Story
37,France
38,Encounter
39,Spider-Man: No Way Home
40,Nightmare Alley
41,Swan Song
42,The Matrix Resurrections
43,The King's Man
44,Sing 2
45,A Journal for Jordan
46,The Tragedy of Macbeth
47,American Underdog
48,The 355
49,Scream
50,The Man from Toronto
51,Deep Water
52,Sesame Street
53,Operation Fortune: Ruse de guerre
54,Morbius
55,The Black Phone
56,Moonfall
57,Jackass Forever
58,Death on the Nile
59,Marry Me
60,Uncharted
61,Ambulance
62,Dog
63,Rumble
64,The Ghosts of Borley Rectory
65,The Batman
66,Turning Red
67,Downton Abbey: A New Era
68,Doctor Strange in the Multiverse of Madness
69,The Northman
70,Bullet Train
71,Sonic the Hedgehog 2
72,Fantastic Beasts: The Secrets of Dumbledore
73,Lost City of D
74,The Unbearable Weight of Massive Talent
75,The Bad Guys
76,Thor: Love and Thunder
77,Legally Blonde 3
78,DC League of Super-Pets
79,Top Gun: Maverick
80,John Wick: Chapter 4
81,Untitled Elvis Presley Project
82,Jurassic World: Dominion
83,Lightyear
84,Transformers: Rise of the Beasts
85,Where the Crawdads Sing
86,Minions: The Rise of Gru
87,Black Panther: Wakanda Forever
88,Nope
89,Indiana Jones 5
90,Black Adam
91,Guns 3: Alias Billy the Kid
92,BROS
93,Samaritan
94,Salem's Lot
95,Dark Harvest
96,Don't Worry Darling
97,Mission: Impossible 7
98,Spider-Man: Into the Spider-Verse 2
99,Halloween Ends
